
insert into book (book_id, book_name, book_date, book_description, book_cu_id) values('1','Tintim na América' , to_date('1931', 'YYYY'), 'Depois de enfrentar um bando de gângsters no Congo, Tintim é enviado para Chicago, EUA, para livrar a cidade dos criminosos. ... Assim que escapa dos comparsas de Al Capone, Tintim cai numa armadilha de Bobby Smiles, líder do Sindicato dos Gângsters de Chicago', '2');
insert into book (book_id, book_name, book_date, book_description, book_cu_id) values('2', 'Harry Potter e a camera dos segredos', to_date('1998', 'YYYY'), 'Após as sofríveis férias na casa dos tios, Harry Potter se prepara para voltar a Hogwarts e começar seu segundo ano na escola de bruxos. Na véspera do início das aulas, a estranha criatura Dobby aparece em seu quarto e o avisa de que voltar é um erro e que algo muito ruim pode acontecer se Harry insistir em continuar os estudos de bruxaria. O garoto, no entanto, está disposto a correr o risco e se livrar do lar problemático.', '1');
insert into book (book_id, book_name, book_date, book_description, book_poster) values('3', 'As serviçais', to_date('2009', 'YYYY'), 'Nos anos 60, no Mississippi, Skeeter é uma garota da alta sociedade que retorna determinada a se tornar escritora. Ela começa a entrevistar as mulheres negras da cidade, que deixaram suas vidas para trabalhar na criação dos filhos da elite branca, da qual a própria Skeeter faz parte. Aibileen Clark, a emprega da melhor amiga de Skeeter, é a primeira a conceder uma entrevista. Apesar das críticas, Skeeter e Aibileen continuam trabalhando juntas e, aos poucos, conseguem novas adesões.', 'https://www.goodreads.com/book/show/4667024-the-help');
insert into book (book_id, book_name, book_date, book_description) values('4', 'No coração do mar', to_date('2000', 'YYYY'), 'No Coração do Mar é um livro do historiador americano Nathaniel Philbrick, no qual ele narra em detalhes a tragédia do navio baleeiro Essex que, em 1820, perseguiu uma baleia Cachalote no Pacífico, vindo a afundar.' );
insert into book (book_id, book_name, book_date, book_description, book_cu_id) values('5', 'Harry Potter e a Pedra Filosofal', to_date('1995', 'YYYY'), '«Voltando o sobrescrito ao contrário, com as mãos a tremer, Harry viu um selo de lacre cor de púrpura com um brasão onde podia distinguir-se um leão, uma águia, um texugo e uma serpente envolvendo a letra H.» Harry Potter nunca tinha ouvido falar de Hogwarts quando as cartas começaram a cair na entrada do número quatro, em Privet Drive. Com a morada escrita a verde num sobrescrito em papel pergaminho amarelo com lacre a roxo, são rapidamente confiscadas pelos seus tios horríveis. Mas no dia do décimo primeiro aniversário de Harry, um gigante de olhos pretos e brilhantes chamado Rubeus Hagrid entra abruptamente com notícias surpreendentes: Harry Potter é um feiticeiro e tem um lugar à sua espera na escola de magia e feitiçaria de Hogwarts. Vai começar uma incrível aventura!', '1');
insert into book (book_id, book_name, book_date, book_description, book_cu_id) values ('6', 'The Hobbit, or There and Back Again', to_date('1937-09-21', 'YYYY-MM-DD'), 'In a hole in the ground there lived a hobbit. Not a nasty, dirty, wet hole, filled with the ends of worms and an oozy smell, nor yet a dry, bare, sandy hole with nothing in it to sit down on or to eat: it was a hobbit-hole, and that means comfort. Written for J.R.R. Tolkiens own children, The Hobbit met with instant critical acclaim when it was first published in 1937. Now recognized as a timeless classic, this introduction to the hobbit Bilbo Baggins, the wizard Gandalf, Gollum, and the spectacular world of Middle-earth recounts of the adventures of a reluctant hero, a powerful and dangerous ring, and the cruel dragon Smaug the Magnificent. The text in this 372-page paperback edition is based on that first published in Great Britain by Collins Modern Classics (1998), and includes a note on the text by Douglas A. Anderson (2001).', '4');
insert into book (book_id, book_name, book_date, book_description, book_cu_id) values('7','Cigar of the Pharaoh' , to_date('1934', 'YYYY'), 'Tintin finds himself entangled in a drug trafficking ring that will take him all the way to India. In the meantime, he meets Thomson and Thompson, two clumsy policemen whose role will progressively become more important throughout the series.', '2');
insert into book (book_id, book_name, book_date, book_description, book_cu_id) values('8','The Blue Lotus' , to_date('1935', 'YYYY'), ' tale unfolds in China, a place as yet unknown and mysterious to Tintin. It looks like our hero may have bitten off more than he can chew as he takes on the task of wiping out the international opium trade, which has a vice-like grip on this beautiful country.', '2');
insert into book (book_id, book_name, book_date, book_description, book_cu_id) values('9','The Secret of the Unicorn' , to_date('1943', 'YYYY'), 'The Secret of the Unicorn is the eleventh volume of The Adventures of Tintin, the comics series by Belgian cartoonist Hergé. The story was serialised daily in Le Soir, Belgiums leading francophone newspaper, from June 1942 to January 1943 amidst the Nazi German occupation of Belgium during World War II.', '2');
insert into book (book_id, book_name, book_date, book_description, book_cu_id) values('10','Harry Potter and the Prizoner of Askaban' , to_date('1999', 'YYYY'), 'Thirteen-year-old Harry Potter spends another unhappy summer at the Dursleys. After Aunt Marge insults Harry and his deceased parents, an angry Harry accidentally inflates her. Fearing expulsion from Hogwarts, he runs away. On a dark street, a large black dog watches Harry. Startled, Harry stumbles backward, causing his wand to emit sparks.', '1');
insert into book (book_id, book_name, book_date, book_description, book_cu_id) values('11','Harry Potter and the Goblet of Fire' , to_date('2000', 'YYYY'), 'The rules of the Triwizard Tournament, which is about to take place at Hogwarts, only allow wizards over the age of seventeen to enter.So Harry can only daydream about winning.Then, to his surprise, on Halloween when the Goblet of Fire makes its selection, his name is picked out of the magical cup.Harry will face life-endangering tasks, dragons and Dark wizards.He will have to rely on the help of his friends if he is to make it through the contest alive.', '1');
insert into book (book_id, book_name, book_date, book_description, book_cu_id) values('12','Harry Potter and the Order of the Phoenix' , to_date('2003', 'YYYY'), 'After the Dementors attack on his cousin Dudley, Harry knows he is about to become Voldemorts next target. Although many are denying the Dark Lords return, Harry is not alone, and a secret order is gathering at Grimmauld Place to fight against the Dark forces.Meanwhile, Voldemorts savage assaults on Harrys mind are growing stronger every day.He must allow Professor Snape to teach him to protect himself before he runs out of time.', '1');
insert into book (book_id, book_name, book_date, book_description, book_cu_id) values('13','Harry Potter and the Half-Blood Prince' , to_date('2005', 'YYYY'), 'One summer night, when Dumbledore arrives at Privet Drive to collect Harry Potter, his wand hand is blackened and shrivelled, but he will not reveal why.Rumours and suspicion spread through the wizarding world it feels as if even Hogwarts itself might be under threat. Harry is convinced that Malfoy bears the Dark Mark: could there be a Death Eater amongst them? He will need powerful magic and true friends as, with the help of Dumbledore, he investigates Voldemorts darkest secrets.', '1');
insert into book (book_id, book_name, book_date, book_description, book_cu_id) values('14','Harry Potter and the Deathly Hollows' , to_date('2007', 'YYYY'), 'Harry and Hermione search for the sword in Godrics Hollow and encounter the Deathly Hallows symbol in a cemetery. Elderly historian Bathilda Bagshot approaches and motions them to follow. At her cottage is a photo of the young man in Harrys dream who stole a wand from wandmaker Gregorovitch. Bathilda morphs into Voldemorts snake Nagini and attacks Harry. Hermione disapparates them to safety, but her rebounding spell accidentally destroys Harrys wand. ', '1');
insert into book (book_id, book_name, book_date, book_description, book_cu_id) values('15','The Amazing Spider-man' , to_date('2018', 'YYYY'), 'With her nephew at death door, May Parker is not just going to sit around accepting that Peters ailments arent solvable with conventional means. Aunt May is going to seek UNCONVENTIONAL MEANS by way of her ex-fiancé DOCTOR OCTOPUS!!! One of the most controversial couples in comics history is back together, and theyre Peter Parkers only hope of living through BEYOND!', '3');
insert into book (book_id, book_name, book_date, book_description, book_cu_id) values('16','Thor' , to_date('2018', 'YYYY'), 'JASON AARON & MIKE DEL MUNDO TAKE THE PRINCE OF ASGARD IN A WHOLE NEW DIRECTION! Thor Odinson has regained his mantle and with it, a wild new world of trouble on his mighty hands! The artifacts of Asgard have been scattered across the earth, and to reclaim them, Thor will have to face some ugly truths. Like the production cost of hundreds of new hammers! And the Thunder God is going to need every last one of them if hes going to stop the unstoppable Juggernaut. Jason Aaron takes the Prince of Asgard in a whole new direction with YOUNG GUN artist Mike Del Mundo joining him at the helm! And dont miss the latest chapter of the King Thor saga with acclaimed BLACK BOLT artist Christian Ward, as the Thor of the far future encounters an old friend whos undergone some startling changes.', '3');
insert into book (book_id, book_name, book_date, book_description, book_cu_id) values('17','Black Panther' , to_date('2018', 'YYYY'), 'A bold new direction for the Black Panther! For years, TChalla has fought off invaders from his homeland, protecting Wakanda from everything from meddling governments to long-lost gods. Now, he will discover that Wakanda is much bigger than he ever dreamed…Across the vast Multiverse lies an empire founded in TChallas name. ', '3');
insert into book (book_id, book_name, book_date, book_description, book_cu_id) values('18','Venom' , to_date('2018', 'YYYY'), 'In the wake of S.H.I.E.L.D. collapse, an ancient and primordial evil has been awakened beneath the streets of New York, and with it, something equally evil has awakened in that most Wicked of Webslingers - VENOM! Still a Lethal Protector of the innocents in New York, this never-before-seen threat could force Venom to relinquish everything it holds dear - including Eddie Brock! Join two of the hottest creators in comics today, Donny Cates and Ryan Stegman, for a VENOM adventure a thousand years in the making!', '3');
insert into book (book_id, book_name, book_date, book_description, book_cu_id) values('19','The Fellowship of the Ring' , to_date('1954', 'YYYY'), 'The Fellowship of the Ring is the first of three volumes of the epic novel The Lord of the Rings by the English author J. R. R. Tolkien. It is followed by The Two Towers and The Return of the King. It takes place in the fictional universe of Middle-earth.', '4');
insert into book (book_id, book_name, book_date, book_description, book_cu_id) values('20','The Two Towers' , to_date('1954', 'YYYY'), 'The Two Towers is the second volume of J. R. R. Tolkiens high fantasy novel The Lord of the Rings. It is preceded by The Fellowship of the Ring and followed by The Return of the King.', '4');
insert into book (book_id, book_name, book_date, book_description, book_cu_id) values('21','The Return of the King' , to_date('1955', 'YYYY'), 'The Return of the King is the third and final volume of J. R. R. Tolkiens The Lord of the Rings, following The Fellowship of the Ring and The Two Towers. It was published in 1955. The story begins in the kingdom of Gondor, which is soon to be attacked by the Dark Lord Sauron. ', '4');
insert into book (book_id, book_name, book_date, book_description, book_cu_id) values('22','Batman: The Killing Joke' , to_date('1988', 'YYYY'), 'The plot revolves around a largely psychological battle between Batman and his longtime foe the Joker, who has escaped from Arkham Asylum. Batman paid a visit to Arkham Asylum, and specifically to the Jokers cell. ', '5');
insert into book (book_id, book_name, book_date, book_description, book_cu_id) values('23','' , to_date('1943', 'YYYY'), 'The Secret of the Unicorn is the eleventh volume of The Adventures of Tintin, the comics series by Belgian cartoonist Hergé. The story was serialised daily in Le Soir, Belgiums leading francophone newspaper, from June 1942 to January 1943 amidst the Nazi German occupation of Belgium during World War II.', '2');
insert into book (book_id, book_name, book_date, book_description, book_cu_id) values('24','' , to_date('1943', 'YYYY'), 'The Secret of the Unicorn is the eleventh volume of The Adventures of Tintin, the comics series by Belgian cartoonist Hergé. The story was serialised daily in Le Soir, Belgiums leading francophone newspaper, from June 1942 to January 1943 amidst the Nazi German occupation of Belgium during World War II.', '2');
insert into book (book_id, book_name, book_date, book_description, book_cu_id) values('25','' , to_date('1943', 'YYYY'), 'The Secret of the Unicorn is the eleventh volume of The Adventures of Tintin, the comics series by Belgian cartoonist Hergé. The story was serialised daily in Le Soir, Belgiums leading francophone newspaper, from June 1942 to January 1943 amidst the Nazi German occupation of Belgium during World War II.', '2');
insert into book (book_id, book_name, book_date, book_description, book_cu_id) values('26','' , to_date('1943', 'YYYY'), 'The Secret of the Unicorn is the eleventh volume of The Adventures of Tintin, the comics series by Belgian cartoonist Hergé. The story was serialised daily in Le Soir, Belgiums leading francophone newspaper, from June 1942 to January 1943 amidst the Nazi German occupation of Belgium during World War II.', '2');
insert into book (book_id, book_name, book_date, book_description, book_cu_id) values('27','' , to_date('1943', 'YYYY'), 'The Secret of the Unicorn is the eleventh volume of The Adventures of Tintin, the comics series by Belgian cartoonist Hergé. The story was serialised daily in Le Soir, Belgiums leading francophone newspaper, from June 1942 to January 1943 amidst the Nazi German occupation of Belgium during World War II.', '2');
insert into book (book_id, book_name, book_date, book_description, book_cu_id) values('28','' , to_date('1943', 'YYYY'), 'The Secret of the Unicorn is the eleventh volume of The Adventures of Tintin, the comics series by Belgian cartoonist Hergé. The story was serialised daily in Le Soir, Belgiums leading francophone newspaper, from June 1942 to January 1943 amidst the Nazi German occupation of Belgium during World War II.', '2');
insert into book (book_id, book_name, book_date, book_description, book_cu_id) values('29','' , to_date('1943', 'YYYY'), 'The Secret of the Unicorn is the eleventh volume of The Adventures of Tintin, the comics series by Belgian cartoonist Hergé. The story was serialised daily in Le Soir, Belgiums leading francophone newspaper, from June 1942 to January 1943 amidst the Nazi German occupation of Belgium during World War II.', '2');






insert into movie (movie_id, movie_name, movie_date, movie_duration, movie_description, movie_cu_id) values ('1', 'As Aventuras de TinTim - O Segredo do Licorne', to_date('2011-10-24', 'YYYY-MM-DD'), '01:47:00', 'A aventura começa assim que Tintim compra a miniatura de um barco. Sem saber o segredo do objeto, ele e seu cachorro são sequestrados. Presos em um barco, conseguem escapar junto com o capitão e, aos poucos, vão decifrando todos os mistérios.', '2');
insert into movie (movie_id, movie_name, movie_date, movie_duration, movie_description, movie_cu_id) values ('2', 'Harry Potter e a Câmara dos Segredos',  to_date('2002-11-13', 'YYYY-MM-DD'), '02:41:00', 'Após as sofríveis férias na casa dos tios, Harry Potter se prepara para voltar a Hogwarts e começar seu segundo ano na escola de bruxos. Na véspera do início das aulas, a estranha criatura Dobby aparece em seu quarto e o avisa de que voltar é um erro e que algo muito ruim pode acontecer.', '1');
insert into movie (movie_id, movie_name, movie_date, movie_duration, movie_description) values ('3', 'As Serviçais', to_date('2011-10-8', 'YYYY-MM-DD'), '02:26:00', 'Nos anos 60, no Mississippi, Skeeter é uma garota da alta sociedade que retorna determinada a se tornar escritora. Ela começa a entrevistar as mulheres negras da cidade, que deixaram suas vidas para trabalhar na criação dos filhos da elite branca, da qual a própria Skeeter faz parte. ');    
insert into movie (movie_id, movie_name, movie_date, movie_duration, movie_description) values ('4', 'No coração do mar', to_date('2015-11-12', 'YYYY-MM-DD'), '02:02:00', 'A tripulação do barco baleeiro Essex precisa fazer o impossível para sobreviver em uma ilha deserta após sofrer brutal ataque de uma baleia gigantesca.');  
insert into movie (movie_id, movie_name, movie_date, movie_duration, movie_description, movie_cu_id, movie_poster) values ('5', 'Harry Potter e a Pedra Filosofal',  to_date('2001-11-16', 'YYYY-MM-DD'), '02:32:00', 'Após as sofríveis férias na casa dos tios, Harry Potter se prepara para voltar a Hogwarts e começar seu segundo ano na escola de bruxos. Na véspera do início das aulas, a estranha criatura Dobby aparece em seu quarto e o avisa de que voltar é um erro e que algo muito ruim pode acontecer.', '1', 'https://m.media-amazon.com/images/M/MV5BNjQ3NWNlNmQtMTE5ZS00MDdmLTlkZjUtZTBlM2UxMGFiMTU3XkEyXkFqcGdeQXVyNjUwNzk3NDc@._V1_FMjpg_UX510_.jpg');
insert into movie (movie_id, movie_name, movie_date, movie_duration, movie_description, movie_cu_id) values ('6', 'Harry Potter and the Prisioner of Azkaban ', to_date('2004-06-04', 'YYYY-MM-DD'), '02:21:00', 'Year three at Hogwarts means new fun and challenges as Harry learns the delicate art of approaching a Hippogriff, transforming shape-shifting Boggarts into hilarity and even turning back time. But the term also brings danger: soul-sucking Dementors hover over the school, an ally of the accursed He-Who-Cannot-Be-Named lurks within the castle walls, and fearsome wizard Sirius Black escapes Azkaban. And Harry will confront them all.', '1');
insert into movie (movie_id, movie_name, movie_date, movie_duration, movie_description, movie_cu_id) values ('7', 'Harry Potter and the Gonlet of Fire ', to_date('2005-11-18', 'YYYY-MM-DD'), '02:37:00', 'When Harry Potters name emerges from the Goblet of Fire, he becomes a competitor in a grueling battle for glory among three wizarding schools—the Triwizard Tournament. But since Harry never submitted his name for the Tournament, who did? Now Harry must confront a deadly dragon, fierce water demons and an enchanted maze only to find himself in the cruel grasp of He Who Must Not Be Named.', '1');
insert into movie (movie_id, movie_name, movie_date, movie_duration, movie_description, movie_cu_id) values ('8', 'Harry Potter and the Order of the Phoenix ', to_date('2007-07-11', 'YYYY-MM-DD'), '02:18:00', 'The rebellion begins! Lord Voldemort has returned, but the Ministry of Magic is doing everything it can to keep the wizarding world from knowing the truth including appointing Ministry official Dolores Umbridge as the new Defence Against the Dark Arts professor at Hogwarts. When Umbridge refuses to teach practical defensive magic, Ron and Hermione convince Harry to secretly train a select group of students for the wizarding war that lies ahead. A terrifying showdown between good and evil awaits in this enthralling film version of the fifth novel in J.K. Rowlings Harry Potter series. Prepare for battle!', '1');
insert into movie (movie_id, movie_name, movie_date, movie_duration, movie_description, movie_cu_id) values ('9', 'Harry Potter and the Half-Blood Prince ', to_date('2009-07-08', 'YYYY-MM-DD'), '02:33:00', 'As Lord Voldemort tightens his grip on both the Muggle and wizarding worlds, Hogwarts is no longer a safe haven. Harry suspects perils may even lie within the castle, but Dumbledore is more intent upon preparing him for the final battle fast approaching. Together they work to find the key to unlock Voldemorts defenses and to this end, Dumbledore recruits his old friend and colleague Horace Slughorn, whom he believes holds crucial information. Even as the decisive showdown looms, romance blossoms for Harry, Ron, Hermione and their classmates. Love is in the air, but danger lies ahead and Hogwarts may never be the same again.', '1');
insert into movie (movie_id, movie_name, movie_date, movie_duration, movie_description, movie_cu_id) values ('10', 'Harry Potter Deathly Hollows: Part 1 ', to_date('2010-11-19', 'YYYY-MM-DD'), '02:26:00', 'Harry, Ron and Hermione walk away from their last year at Hogwarts to find and destroy the remaining Horcruxes, putting an end to Voldemorts bid for immortality. But with Harrys beloved Dumbledore dead and Voldemorts unscrupulous Death Eaters on the loose, the world is more dangerous than ever.', '1');
insert into movie (movie_id, movie_name, movie_date, movie_duration, movie_description, movie_cu_id) values ('11', 'Harry Potter Deathly Hollows: Parte 2 ', to_date('2011-07-15', 'YYYY-MM-DD'), '02:10:00', 'Harry, Ron and Hermione continue their quest to vanquish the evil Voldemort once and for all. Just as things begin to look hopeless for the young wizards, Harry discovers a trio of magical objects that endow him with powers to rival Voldemorts formidable skills.', '1');
insert into movie (movie_id, movie_name, movie_date, movie_duration, movie_description, movie_cu_id) values ('12', 'Fantastic Beast and Where to Find Them  ', to_date('2016-11-18', 'YYYY-MM-DD'), '02:12:00', 'In 1926, Newt Scamander arrives at the Magical Congress of the United States of America with a magically expanded briefcase, which houses a number of dangerous creatures and their habitats. When the creatures escape from the briefcase, it sends the American wizarding authorities after Newt, and threatens to strain even further the state of magical and non-magical relations..', '1');
insert into movie (movie_id, movie_name, movie_date, movie_duration, movie_description, movie_cu_id) values ('13', 'Fantastics Beast: The Crimes of Grindelwald ', to_date('2018-11-16', 'YYYY-MM-DD'), '02:14:00', 'Gellert Grindelwald has escaped imprisonment and has begun gathering followers to his cause—elevating wizards above all non-magical beings. The only one capable of putting a stop to him is the wizard he once called his closest friend, Albus Dumbledore. However, Dumbledore will need to seek help from the wizard who had thwarted Grindelwald once before, his former student Newt Scamander, who agrees to help, unaware of the dangers that lie ahead. Lines are drawn as love and loyalty are tested, even among the truest friends and family, in an increasingly divided wizarding world.', '1');
insert into movie (movie_id, movie_name, movie_date, movie_duration, movie_description, movie_cu_id) values ('14', 'Captin América: The First Avenger ', to_date('2011-07-22', 'YYYY-MM-DD'), '02:04:00', 'During World War II, Steve Rogers is a sickly man from Brooklyn whos transformed into super-soldier Captain America to aid in the war effort. Rogers must stop the Red Skull Adolf Hitlers ruthless head of weaponry, and the leader of an organization that intends to use a mysterious device of untold powers for world domination.', '3');
insert into movie (movie_id, movie_name, movie_date, movie_duration, movie_description, movie_cu_id) values ('15', 'Captain Marvel', to_date('2019-03-06', 'YYYY-MM-DD'), '02:04:00', 'The story follows Carol Danvers as she becomes one of the universes most powerful heroes when Earth is caught in the middle of a galactic war between two alien races. Set in the 1990s, Captain Marvel is an all-new adventure from a previously unseen period in the history of the Marvel Cinematic Universe.', '3');
insert into movie (movie_id, movie_name, movie_date, movie_duration, movie_description, movie_cu_id) values ('16', 'Iron Man', to_date('2008-05-02', 'YYYY-MM-DD'), '02:06:00', 'After being held captive in an Afghan cave, billionaire engineer Tony Stark creates a unique weaponized suit of armor to fight evil.', '3');
insert into movie (movie_id, movie_name, movie_date, movie_duration, movie_description, movie_cu_id) values ('17', 'Iron Man 2', to_date('2010-05-07', 'YYYY-MM-DD'), '02:04:00', 'With the world now aware of his dual life as the armored superhero Iron Man, billionaire inventor Tony Stark faces pressure from the government, the press and the public to share his technology with the military. Unwilling to let go of his invention, Stark, with Pepper Potts and James Rhodes at his side, must forge new alliances and confront powerful enemies.', '3');
insert into movie (movie_id, movie_name, movie_date, movie_duration, movie_description, movie_cu_id) values ('18', 'The Incredible Hulk', to_date('2008-06-12', 'YYYY-MM-DD'), '01:54:00', 'Scientist Bruce Banner scours the planet for an antidote to the unbridled force of rage within him: the Hulk. But when the military masterminds who dream of exploiting his powers force him back to civilization, he finds himself coming face to face with a new, deadly foe.', '3');
insert into movie (movie_id, movie_name, movie_date, movie_duration, movie_description, movie_cu_id) values ('19', 'Thor', to_date('2011-05-06', 'YYYY-MM-DD'), '01:55:00', 'Against his father Odins will, The Mighty Thor - a powerful but arrogant warrior god - recklessly reignites an ancient war. Thor is cast down to Earth and forced to live among humans as punishment. Once here, Thor learns what it takes to be a true hero when the most dangerous villain of his world sends the darkest forces of Asgard to invade Earth.', '3');
insert into movie (movie_id, movie_name, movie_date, movie_duration, movie_description, movie_cu_id) values ('20', 'The Avengers', to_date('2012-05-04', 'YYYY-MM-DD'), '02:23:00', 'When an unexpected enemy emerges and threatens global safety and security, Nick Fury, director of the international peacekeeping agency known as S.H.I.E.L.D., finds himself in need of a team to pull the world back from the brink of disaster. Spanning the globe, a daring recruitment effort begins!', '3');
insert into movie (movie_id, movie_name, movie_date, movie_duration, movie_description, movie_cu_id) values ('21', 'Thor: The Dark World', to_date('2013-11-08', 'YYYY-MM-DD'), '01:52:00', 'Thor fights to restore order across the cosmos… but an ancient race led by the vengeful Malekith returns to plunge the universe back into darkness. Faced with an enemy that even Odin and Asgard cannot withstand, Thor must embark on his most perilous and personal journey yet, one that will reunite him with Jane Foster and force him to sacrifice everything to save us all.', '3');
insert into movie (movie_id, movie_name, movie_date, movie_duration, movie_description, movie_cu_id) values ('22', 'Iron Man 3', to_date('2013-05-03', 'YYYY-MM-DD'), '02:10:00', 'When Tony Starks world is torn apart by a formidable terrorist called the Mandarin, he starts an odyssey of rebuilding and retribution.', '3');
insert into movie (movie_id, movie_name, movie_date, movie_duration, movie_description, movie_cu_id) values ('23', 'Captain America: The Winter Soldier', to_date('2014-04-04', 'YYYY-MM-DD'), '02:16:00', 'After the cataclysmic events in New York with The Avengers, Steve Rogers, aka Captain America is living quietly in Washington, D.C. and trying to adjust to the modern world. But when a S.H.I.E.L.D. colleague comes under attack, Steve becomes embroiled in a web of intrigue that threatens to put the world at risk. Joining forces with the Black Widow, Captain America struggles to expose the ever-widening conspiracy while fighting off professional assassins sent to silence him at every turn. When the full scope of the villainous plot is revealed, Captain America and the Black Widow enlist the help of a new ally, the Falcon. However, they soon find themselves up against an unexpected and formidable enemy—the Winter Soldier.', '3');
insert into movie (movie_id, movie_name, movie_date, movie_duration, movie_description, movie_cu_id) values ('24', 'Guardians of the Galaxy', to_date('2014-08-01', 'YYYY-MM-DD'), '02:01:00', 'Light years from Earth, 26 years after being abducted, Peter Quill finds himself the prime target of a manhunt after discovering an orb wanted by Ronan the Accuser.', '3');
insert into movie (movie_id, movie_name, movie_date, movie_duration, movie_description, movie_cu_id) values ('25', 'Guardians of the Galaxy 2', to_date('2017-05-05', 'YYYY-MM-DD'), '02:17:00', 'The Guardians must fight to keep their newfound family together as they unravel the mysteries of Peter Quills true parentage.', '3');
insert into movie (movie_id, movie_name, movie_date, movie_duration, movie_description, movie_cu_id) values ('26', 'Avengers Age of Ultron', to_date('2015-05-01', 'YYYY-MM-DD'), '02:21:00', 'When Tony Stark tries to jumpstart a dormant peacekeeping program, things go awry and Earths Mightiest Heroes are put to the ultimate test as the fate of the planet hangs in the balance. As the villainous Ultron emerges, it is up to The Avengers to stop him from enacting his terrible plans, and soon uneasy alliances and unexpected action pave the way for an epic and unique global adventure.', '3');
insert into movie (movie_id, movie_name, movie_date, movie_duration, movie_description, movie_cu_id) values ('27', 'Ant-Man', to_date('2015-07-17', 'YYYY-MM-DD'), '01:57:00', 'Armed with the astonishing ability to shrink in scale but increase in strength, master thief Scott Lang must embrace his inner-hero and help his mentor, Doctor Hank Pym, protect the secret behind his spectacular Ant-Man suit from a new generation of towering threats. Against seemingly insurmountable obstacles, Pym and Lang must plan and pull off a heist that will save the world.', '3');
insert into movie (movie_id, movie_name, movie_date, movie_duration, movie_description, movie_cu_id) values ('28', 'Captain America: Civil War', to_date('2016-05-06', 'YYYY-MM-DD'), '02:27:00', 'Following the events of Age of Ultron, the collective governments of the world pass an act designed to regulate all superhuman activity. This polarizes opinion amongst the Avengers, causing two factions to side with Iron Man or Captain America, which causes an epic battle between former allies.', '3');
insert into movie (movie_id, movie_name, movie_date, movie_duration, movie_description, movie_cu_id) values ('29', 'Black Widow', to_date('2021-07-09', 'YYYY-MM-DD'), '02:14:00', 'Natasha Romanoff, also known as Black Widow, confronts the darker parts of her ledger when a dangerous conspiracy with ties to her past arises. Pursued by a force that will stop at nothing to bring her down, Natasha must deal with her history as a spy and the broken relationships left in her wake long before she became an Avenger.', '3');
insert into movie (movie_id, movie_name, movie_date, movie_duration, movie_description, movie_cu_id) values ('30', 'Spider-Man: Homecoming', to_date('2017-07-07', 'YYYY-MM-DD'), '02:13:00', 'Following the events of Captain America: Civil War, Peter Parker, with the help of his mentor Tony Stark, tries to balance his life as an ordinary high school student in Queens, New York City, with fighting crime as his superhero alter ego Spider-Man as a new threat, the Vulture, emerges.', '3');
insert into movie (movie_id, movie_name, movie_date, movie_duration, movie_description, movie_cu_id) values ('31', 'Black Panther', to_date('2018-02-16', 'YYYY-MM-DD'), '02:14:00', 'King TChalla returns home to the reclusive, technologically advanced African nation of Wakanda to serve as his countrys new leader. However, TChalla soon finds that he is challenged for the throne by factions within his own country as well as without. Using powers reserved to Wakandan kings, TChalla assumes the Black Panther mantle to join with ex-girlfriend Nakia, the queen-mother, his princess-kid sister, members of the Dora Milaje (the Wakandan special forces) and an American secret agent, to prevent Wakanda from being dragged into a world war.', '3');
insert into movie (movie_id, movie_name, movie_date, movie_duration, movie_description, movie_cu_id) values ('32', 'Doctor Strange', to_date('2016-11-04', 'YYYY-MM-DD'), '01:55:00', 'After his career is destroyed, a brilliant but arrogant surgeon gets a new lease on life when a sorcerer takes him under her wing and trains him to defend the world against evil.', '3');
insert into movie (movie_id, movie_name, movie_date, movie_duration, movie_description, movie_cu_id) values ('33', 'Thor: Ragnarok', to_date('2017-11-03', 'YYYY-MM-DD'), '02:11:00', 'Thor is imprisoned on the other side of the universe and finds himself in a race against time to get back to Asgard to stop Ragnarok, the destruction of his home-world and the end of Asgardian civilization, at the hands of a powerful new threat, the ruthless Hela.', '3');
insert into movie (movie_id, movie_name, movie_date, movie_duration, movie_description, movie_cu_id) values ('34', 'Ant-Man and the Wasp', to_date('2018-07-06', 'YYYY-MM-DD'), '01:59:00', 'Just when his time under house arrest is about to end, Scott Lang once again puts his freedom at risk to help Hope van Dyne and Dr. Hank Pym dive into the quantum realm and try to accomplish, against time and any chance of success, a very dangerous rescue mission.', '3');
insert into movie (movie_id, movie_name, movie_date, movie_duration, movie_description, movie_cu_id) values ('35', 'Avengers: Infinity War', to_date('2018-04-27', 'YYYY-MM-DD'), '02:29:00', 'As the Avengers and their allies have continued to protect the world from threats too large for any one hero to handle, a new danger has emerged from the cosmic shadows: Thanos. A despot of intergalactic infamy, his goal is to collect all six Infinity Stones, artifacts of unimaginable power, and use them to inflict his twisted will on all of reality. Everything the Avengers have fought for has led up to this moment - the fate of Earth and existence itself has never been more uncertain.', '3');
insert into movie (movie_id, movie_name, movie_date, movie_duration, movie_description, movie_cu_id) values ('36', 'Avengers: Endgame', to_date('2019-04-26', 'YYYY-MM-DD'), '03:01:00', 'After the devastating events of Avengers: Infinity War, the universe is in ruins due to the efforts of the Mad Titan, Thanos. With the help of remaining allies, the Avengers must assemble once more in order to undo Thanos actions and restore order to the universe once and for all, no matter what consequences may be in store.', '3');
insert into movie (movie_id, movie_name, movie_date, movie_duration, movie_description, movie_cu_id) values ('37', 'Spider-Man: Far From Home', to_date('2019-07-02', 'YYYY-MM-DD'), '02:09:00', 'Peter Parker and his friends go on a summer trip to Europe. However, they will hardly be able to rest - Peter will have to agree to help Nick Fury uncover the mystery of creatures that cause natural disasters and destruction throughout the continent.', '3');
insert into movie (movie_id, movie_name, movie_date, movie_duration, movie_description, movie_cu_id) values ('38', 'Shang-Chi and the Legend of the Ten Rings', to_date('2021-09-03', 'YYYY-MM-DD'), '02:12:00', 'Shang-Chi must confront the past he thought he left behind when he is drawn into the web of the mysterious Ten Rings organization.', '3');
insert into movie (movie_id, movie_name, movie_date, movie_duration, movie_description, movie_cu_id) values ('39', 'Eternals', to_date('2021-11-05', 'YYYY-MM-DD'), '02:37:00', 'The Eternals are a team of ancient aliens who have been living on Earth in secret for thousands of years. When an unexpected tragedy forces them out of the shadows, they are forced to reunite against mankinds most ancient enemy, the Deviants.', '3');
insert into movie (movie_id, movie_name, movie_date, movie_duration, movie_description, movie_cu_id) values ('40', 'Spider-Man: No Way Home', to_date('2021-12-17', 'YYYY-MM-DD'), '02:30:00', 'Peter Parker is unmasked and no longer able to separate his normal life from the high-stakes of being a Super Hero. When he asks for help from Doctor Strange the stakes become even more dangerous, forcing him to discover what it truly means to be Spider-Man.', '3');
insert into movie (movie_id, movie_name, movie_date, movie_duration, movie_description, movie_cu_id) values ('41', 'O Hobbit: An Unexpected Journey', to_date('2012-12-14', 'YYYY-MM-DD'), '02:49:00', 'Bilbo Baggins, a hobbit enjoying his quiet life, is swept into an epic quest by Gandalf the Grey and thirteen dwarves who seek to reclaim their mountain home from Smaug, the dragon.', '4');
insert into movie (movie_id, movie_name, movie_date, movie_duration, movie_description, movie_cu_id) values ('42', 'O Hobbit: The Desolation of Smaug', to_date('2013-12-13', 'YYYY-MM-DD'), '02:41:00', 'The Dwarves, Bilbo and Gandalf have successfully escaped the Misty Mountains, and Bilbo has gained the One Ring. They all continue their journey to get their gold back from the Dragon, Smaug.', '4');
insert into movie (movie_id, movie_name, movie_date, movie_duration, movie_description, movie_cu_id) values ('43', 'O Hobbit: The Battle of the Five Armies', to_date('2014-12-17', 'YYYY-MM-DD'), '02:24:00', 'Immediately after the events of The Desolation of Smaug, Bilbo and the dwarves try to defend Erebors mountain of treasure from others who claim it: the men of the ruined Laketown and the elves of Mirkwood. Meanwhile an army of Orcs led by Azog the Defiler is marching on Erebor, fueled by the rise of the dark lord Sauron. Dwarves, elves and men must unite, and the hope for Middle-Earth falls into Bilbos hands.','4');
insert into movie (movie_id, movie_name, movie_date, movie_duration, movie_description, movie_cu_id) values ('44', 'Lord of the Rings: The Fellowship of the Ring', to_date('2001-12-19', 'YYYY-MM-DD'), '02:59:00', 'Young hobbit Frodo Baggins, after inheriting a mysterious ring from his uncle Bilbo, must leave his home in order to keep it from falling into the hands of its evil creator. Along the way, a fellowship is formed to protect the ringbearer and make sure that the ring arrives at its final destination: Mt. Doom, the only place where it can be destroyed.', '4');
insert into movie (movie_id, movie_name, movie_date, movie_duration, movie_description, movie_cu_id) values ('45', 'Lord of the Rings: The Two Towers', to_date('2002-12-18', 'YYYY-MM-DD'), '02:59:00', 'Frodo and Sam are trekking to Mordor to destroy the One Ring of Power while Gimli, Legolas and Aragorn search for the orc-captured Merry and Pippin. All along, nefarious wizard Saruman awaits the Fellowship members at the Orthanc Tower in Isengard.', '4');
insert into movie (movie_id, movie_name, movie_date, movie_duration, movie_description, movie_cu_id) values ('46', 'Lord of the Rings: The Return of the King', to_date('2003-12-17', 'YYYY-MM-DD'), '03:22:00', 'Aragorn is revealed as the heir to the ancient kings as he, Gandalf and the other members of the broken fellowship struggle to save Gondor from Saurons forces. Meanwhile, Frodo and Sam take the ring closer to the heart of Mordor, the dark lords realm.', '4');
insert into movie (movie_id, movie_name, movie_date, movie_duration, movie_description, movie_cu_id) values ('47', 'Wonder Woman', to_date('2017-06-02', 'YYYY-MM-DD'), '02:21:00', 'An Amazon princess comes to the world of Man in the grips of the First World War to confront the forces of evil and bring an end to human conflict.', '5');
insert into movie (movie_id, movie_name, movie_date, movie_duration, movie_description, movie_cu_id) values ('48', 'Wonder Woman 1984', to_date('2020-12-25', 'YYYY-MM-DD'), '02:31:00', 'A botched store robbery places Wonder Woman in a global battle against a powerful and mysterious ancient force that puts her powers in jeopardy.', '5');
insert into movie (movie_id, movie_name, movie_date, movie_duration, movie_description, movie_cu_id) values ('49', 'Man of Steel', to_date('2013-06-14', 'YYYY-MM-DD'), '02:33:00', 'A young boy learns that he has extraordinary powers and is not of this earth. As a young man, he journeys to discover where he came from and what he was sent here to do. But the hero in him must emerge if he is to save the world from annihilation and become the symbol of hope for all mankind.', '5');
insert into movie (movie_id, movie_name, movie_date, movie_duration, movie_description, movie_cu_id) values ('50', 'Batman vs Superman: Dawn of Justice', to_date('2016-03-25', 'YYYY-MM-DD'), '02:32:00', 'Fearing the actions of a god-like Super Hero left unchecked, Gotham Citys own formidable, forceful vigilante takes on Metropoliss most revered, modern-day savior, while the world wrestles with what sort of hero it really needs. And with Batman and Superman at war with one another, a new threat quickly arises, putting mankind in greater danger than its ever known before.', '5');
insert into movie (movie_id, movie_name, movie_date, movie_duration, movie_description, movie_cu_id) values ('51', 'Suicide Squad', to_date('2016-08-05', 'YYYY-MM-DD'), '02:03:00', 'From DC Comics comes the Suicide Squad, an antihero team of incarcerated supervillains who act as deniable assets for the United States government, undertaking high-risk black ops missions in exchange for commuted prison sentences.', '5');
insert into movie (movie_id, movie_name, movie_date, movie_duration, movie_description, movie_cu_id) values ('52', 'Justice League', to_date('2017-11-17', 'YYYY-MM-DD'), '02:00:00', 'Fuelled by his restored faith in humanity and inspired by Supermans selfless act, Bruce Wayne and Diana Prince assemble a team of metahumans consisting of Barry Allen, Arthur Curry and Victor Stone to face the catastrophic threat of Steppenwolf and the Parademons who are on the hunt for three Mother Boxes on Earth.', '5');
insert into movie (movie_id, movie_name, movie_date, movie_duration, movie_description, movie_cu_id) values ('53', 'Zach Snyders Justice League', to_date('2021-03-18', 'YYYY-MM-DD'), '04:02:00', 'Determined to ensure Supermans ultimate sacrifice was not in vain, Bruce Wayne aligns forces with Diana Prince with plans to recruit a team of metahumans to protect the world from an approaching threat of catastrophic proportions.', '5');
insert into movie (movie_id, movie_name, movie_date, movie_duration, movie_description, movie_cu_id) values ('54', 'Aquaman', to_date('2018-12-21', 'YYYY-MM-DD'), '02:23:00', 'Once home to the most advanced civilization on Earth, Atlantis is now an underwater kingdom ruled by the power-hungry King Orm. With a vast army at his disposal, Orm plans to conquer the remaining oceanic people and then the surface world. Standing in his way is Arthur Curry, Orms half-human, half-Atlantean brother and true heir to the throne.', '5');
insert into movie (movie_id, movie_name, movie_date, movie_duration, movie_description, movie_cu_id) values ('55', 'Shazam', to_date('2019-04-05', 'YYYY-MM-DD'), '02:12:00', 'A boy is given the ability to become an adult superhero in times of need with a single magic word.', '5');
insert into movie (movie_id, movie_name, movie_date, movie_duration, movie_description, movie_cu_id) values ('56', 'Birds of Prey', to_date('2020-02-07', 'YYYY-MM-DD'), '01:49:00', 'Harley Quinn joins forces with a singer, an assassin and a police detective to help a young girl who had a hit placed on her after she stole a rare diamond from a crime lord.', '5');
insert into movie (movie_id, movie_name, movie_date, movie_duration, movie_description, movie_cu_id) values ('57', 'The Suicide Squad', to_date('2021-08-06', 'YYYY-MM-DD'), '02:12:00', 'Supervillains Harley Quinn, Bloodsport, Peacemaker and a collection of nutty cons at Belle Reve prison join the super-secret, super-shady Task Force X as they are dropped off at the remote, enemy-infused island of Corto Maltese.', '5');
insert into movie (movie_id, movie_name, movie_date, movie_duration, movie_description, movie_cu_id) values ('58', 'Uma Aventura na Casa Assombrada', to_date('2009-12-03', 'YYYY-MM-DD'), '01:36:00', 'The "Spirit World", a red diamond with supernatural powers, stolen five centuries before, of the hands of the last Aztec emperor, is the center of this adventure in a cursed house in the wilds of the Sintra hills. The heiress of the house, Filipa, enlists the help of our heroes in search of the precious stone, but there are many obstacles to overcome. Facing ghosts of Indian warriors, statues that come alive, bats, trap doors, secret passageways and a German fearsome killer seeking revenge, our heroes will have to gather all their strength and wits to reach the mythical diamond before it is too late.', '7');
insert into movie (movie_id, movie_name, movie_date, movie_duration, movie_description, movie_cu_id) values ('59', 'Astérix & Obelix Take on Caeser', to_date('1999-02-03', 'YYYY-MM-DD'), '01:49:00', 'Set in 50 B.C., Asterix and Obelix are living in a small but well-protected village in Gaul, where a magic potion concocted by Druids turns the townsfolk into mighty soldiers. When Roman troops carve a path through Gaul to reach the English Channel, Caesar and his aide de camp Detritus discover the secret elixir and capture the Druid leader who knows its formula, and Asterix and Obelix are sent off to rescue them.', '8');
insert into movie (movie_id, movie_name, movie_date, movie_duration, movie_description, movie_cu_id) values ('60', 'Astérix & Obelix: Mission Cleopatra', to_date('2002-03-21', 'YYYY-MM-DD'), '01:48:00', 'The Egyptian Queen Cleopatra bets against the Roman Emperor, Julius Caesar, that her people are still great, even if the times of the Pharaohs has long passed. She vows (against all logic) to build a new palace for Caesar within three months. Since all her architects are either busy otherwise or too conservative in style, this ambivalent honor falls to Edifis. He is to build the palace and be covered in gold or, if not, his fate is to be eaten by crocodiles. Edifis calls upon an old friend to help him out: The fabulous Druid Getafix from Gaul, who brews a fantastic potion that gives supernatural strength. In order to help and protect the old Druid, Asterix and Obelix accompany him on his journey to Egypt. When Julius Caesar gets wind of the project succeeding, he has the building site attacked by his troops in order to win the bet and not lose face. But just like the local pirates, he hasnt counted on Asterix and Obelix.', '8');
insert into movie (movie_id, movie_name, movie_date, movie_duration, movie_description, movie_cu_id) values ('61', 'Astérix at the Olympic Games', to_date('2008-01-30', 'YYYY-MM-DD'), '01:56:00', 'Astérix and Obélix have to win the Olympic Games in order to help their friend Alafolix marry Princess Irina. Brutus uses every trick in the book to have his own team win the game, and get rid of his father Julius Caesar in the process.', '8');
insert into movie (movie_id, movie_name, movie_date, movie_duration, movie_description, movie_cu_id) values ('62', 'Astérix & Obelix: God Save Britannia', to_date('2012-10-17', 'YYYY-MM-DD'), '01:50:00', 'Asterix crosses the channel to help second-cousin Anticlimax face down Julius Caesar and invading Romans.', '8');
insert into movie (movie_id, movie_name, movie_date, movie_duration, movie_description, movie_cu_id) values ('63', 'The Chronicles of Narnia: The Lion, the Witch and the Wardrobe', to_date('2005-12-09', 'YYYY-MM-DD'), '02:23:00', 'Siblings Lucy, Edmund, Susan and Peter step through a magical wardrobe and find the land of Narnia. There, they discover a charming, once peaceful kingdom that has been plunged into eternal winter by the evil White Witch, Jadis. Aided by the wise and magnificent lion, Aslan, the children lead Narnia into a spectacular, climactic battle to be free of the Witchs glacial powers forever.', '9');
insert into movie (movie_id, movie_name, movie_date, movie_duration, movie_description, movie_cu_id) values ('64', 'The Chronicles of Narnia: Prince Caspian', to_date('2008-05-16', 'YYYY-MM-DD'), '02:30:00', 'One year after their incredible adventures in the Lion, the Witch and the Wardrobe, Peter, Edmund, Lucy and Susan Pevensie return to Narnia to aid a young prince whose life has been threatened by the evil King Miraz. Now, with the help of a colorful cast of new characters, including Trufflehunter the badger and Nikabrik the dwarf, the Pevensie clan embarks on an incredible quest to ensure that Narnia is returned to its rightful heir.', '9');
insert into movie (movie_id, movie_name, movie_date, movie_duration, movie_description, movie_cu_id) values ('65', 'The Chronicles of Narnia: The Voyage of the Dawn Treader', to_date('2010-12-10', 'YYYY-MM-DD'), '01:53:00', 'This time around Edmund and Lucy Pevensie, along with their pesky cousin Eustace Scrubb find themselves swallowed into a painting and on to a fantastic Narnian ship headed for the very edges of the world.', '9');
insert into movie (movie_id, movie_name, movie_date, movie_duration, movie_description, movie_cu_id) values ('66', 'The Mortal Instruments: City of Bones ', to_date('2013-08-21', 'YYYY-MM-DD'), '02:10:00', 'In New York City, Clary Fray, a seemingly ordinary teenager, learns that she is descended from a line of Shadowhunters — half-angel warriors who protect humanity from evil forces. After her mother disappears, Clary joins forces with a group of Shadowhunters and enters Downworld, an alternate realm filled with demons, vampires, and a host of other creatures. Clary and her companions must find and protect an ancient cup that holds the key to her mothers future.', '10');



insert into cinematicuniverse (cu_id, cu_name) values('1', 'Wizarding World'); feito, feito
insert into cinematicuniverse (cu_id, cu_name) values('2', 'Les Aventures de Tintin'); feito, feito
insert into cinematicuniverse (cu_id, cu_name) values('3', 'Marvel'); feito, feito
insert into cinematicuniverse (cu_id, cu_name) values('4', 'Lord of the Rings'); feito, feito
insert into cinematicuniverse (cu_id, cu_name) values('5', 'DC Comics'); feito
insert into cinematicuniverse (cu_id, cu_name) values('7', 'Uma Aventura'); feito
insert into cinematicuniverse (cu_id, cu_name) values('8', 'Astérix & Obélix') feito
insert into cinematicuniverse (cu_id, cu_name) values('9', 'The Chronicles of Narnia'); feito
insert into cinematicuniverse (cu_id, cu_name) values('10', 'Shadowhunters');feito

insert into genre (genre_id, genre_name) values('1', 'Drama');
insert into genre (genre_id, genre_name) values('2', 'Adventure');
insert into genre (genre_id, genre_name) values('3', 'Fantasy');
insert into genre (genre_id, genre_name) values('4', 'Action');
insert into genre (genre_id, genre_name) values('5', 'Biography');
insert into genre (genre_id, genre_name) values('6', 'Animation');
insert into genre (genre_id, genre_name) values('7', 'Comics');
insert into genre (genre_id, genre_name) values('8', 'Fiction');
insert into genre (genre_id, genre_name) values('9', 'Historical Fiction');
insert into genre (genre_id, genre_name) values('10', 'History');
insert into genre (genre_id, genre_name) values('11', 'Nonfiction');
insert into genre (genre_id, genre_name) values('12', 'Young Adult');

insert into moviegenre (mg_id, mg_movie_id, mg_genre_id) values('1', '1', '6');
insert into moviegenre (mg_id, mg_movie_id, mg_genre_id) values('2', '1', '4');
insert into moviegenre (mg_id, mg_movie_id, mg_genre_id) values('3', '1', '2');
insert into moviegenre (mg_id, mg_movie_id, mg_genre_id) values('4', '2', '2');
insert into moviegenre (mg_id, mg_movie_id, mg_genre_id) values('5', '2', '3');
insert into moviegenre (mg_id, mg_movie_id, mg_genre_id) values('6', '3', '1');
insert into moviegenre (mg_id, mg_movie_id, mg_genre_id) values('7', '4', '4');
insert into moviegenre (mg_id, mg_movie_id, mg_genre_id) values('8', '4', '2');
insert into moviegenre (mg_id, mg_movie_id, mg_genre_id) values('9', '4', '5');
insert into moviegenre (mg_id, mg_movie_id, mg_genre_id) values('10', '5', '2');
insert into moviegenre (mg_id, mg_movie_id, mg_genre_id) values('11', '5', '3');

insert into bookgenre (bg_id, bg_book_id, bg_genre_id) values('1', '1', '7');
insert into bookgenre (bg_id, bg_book_id, bg_genre_id) values('2', '1', '2');
insert into bookgenre (bg_id, bg_book_id, bg_genre_id) values('3', '2', '8');
insert into bookgenre (bg_id, bg_book_id, bg_genre_id) values('4', '2', '2');
insert into bookgenre (bg_id, bg_book_id, bg_genre_id) values('5', '2', '3');
insert into bookgenre (bg_id, bg_book_id, bg_genre_id) values('6', '2', '12');
insert into bookgenre (bg_id, bg_book_id, bg_genre_id) values('7', '3', '9');
insert into bookgenre (bg_id, bg_book_id, bg_genre_id) values('8', '4', '10');
insert into bookgenre (bg_id, bg_book_id, bg_genre_id) values('9', '4', '11');
insert into bookgenre (bg_id, bg_book_id, bg_genre_id) values('10', '5', '3');
insert into bookgenre (bg_id, bg_book_id, bg_genre_id) values('11', '5', '8');
insert into bookgenre (bg_id, bg_book_id, bg_genre_id) values('12', '5', '12');
insert into bookgenre (bg_id, bg_book_id, bg_genre_id) values('13', '5', '2');

insert into author (author_id, author_name, author_bio) values('1','Hergé', 'Georges Prosper Remi (22 May 1907 to 3 March 1983), better known by the pen name Hergé, was a Belgian comics writer and artist. His best known and most substantial work is The Adventures of Tintin comic book series, which he wrote and illustrated from 1929 until his death in 1983, leaving the twenty-fourth Tintin adventure Tintin and Alph-Art unfinished. His work remains a strong influence on comics, particularly in Europe. He was inducted into the Comic Book Hall of Fame in 2003.');
insert into author (author_id, author_name, author_bio) values('2','J.K. Rowling', 'Although she writes under the pen name J.K. Rowling, pronounced like rolling, her name when her first Harry Potter book was published was simply Joanne Rowling. Anticipating that the target audience of young boys might not want to read a book written by a woman, her publishers demanded that she use two initials, rather than her full name. As she had no middle name, she chose K as the second initial of her pen name, from her paternal grandmother Kathleen Ada Bulgen Rowling. She calls herself Jo and has said, "No one ever called me "Joanne" when I was young, unless they were angry." Following her marriage, she has sometimes used the name Joanne Murray when conducting personal business. During the Leveson Inquiry she gave evidence under the name of Joanne Kathleen Rowling. In a 2012 interview, Rowling noted that she no longer cared that people pronounced her name incorrectly.');
insert into author (author_id, author_name, author_bio) values('3','Kathryn Stockett', 'Kathryn Stockett was born and raised in Jackson, Mississippi. After graduating from the University of Alabama with a degree in English and creative writing, she moved to New York City, where she worked in magazine publishing for nine years. She currently lives in Atlanta with her husband and daughter. She is working on her second novel.');
insert into author (author_id, author_name, author_bio) values('4', 'Nathaniel Philbrick', 'Philbrick was Browns first Intercollegiate All-American sailor in 1978; that year he won the Sunfish North Americans in Barrington, RI; today he and his wife Melissa sail their Beetle Cat Clio and their Tiffany Jane 34 Marie-J in the waters surrounding Nantucket Island. After grad school, Philbrick worked for four years at Sailing World magazine; was a freelancer for a number of years, during which time he wrote/edited several sailing books, including Yaahting: A Parody (1984), for which he was the editor-in-chief; during this time he was also the primary caregiver for his two children. After moving to Nantucket in 1986, he became interested in the history of the island and wrote Away Off Shore: Nantucket Island and Its People. He was offer ...more');

insert into bookauthor (ba_id, ba_book_id, ba_author_id) values('1', '1', '1');
insert into bookauthor (ba_id, ba_book_id, ba_author_id) values('2', '2', '2');
insert into bookauthor (ba_id, ba_book_id, ba_author_id) values('3', '3', '3');
insert into bookauthor (ba_id, ba_book_id, ba_author_id) values('4', '4', '4');
insert into bookauthor (ba_id, ba_book_id, ba_author_id) values('5', '5', '2');

insert into users(users_id, users_name, users_username, users_email, users_password) values('1', 'André Gomes', 'andre.gomes', 'andre.gomes@iade.pt', 'gomandre123');
insert into users(users_id, users_name, users_username, users_email, users_password) values('2', 'Catarina Silva', 'cat.silva', 'cat.silva@iade.pt', 'catarina456');
insert into users(users_id, users_name, users_username, users_email, users_password) values('3', 'Francisco Sousa', 'kiko.sousa', 'kiko.sousa@iade.pt', 'kikosousa789');
insert into users(users_id, users_name, users_username, users_email, users_password) values('4', 'Joana Carneiro', 'jo.carneiro', 'joana.carneiro@iade.pt', 'joana123');
insert into users(users_id, users_name, users_username, users_email, users_password) values('5', 'Hugo Andrade', 'hugo.andrade', 'hugo.andrade@iade.pt', 'hugo456');

insert into character(character_id, character_name) values('1', 'Harry Potter');
insert into character(character_id, character_name) values('2', 'Hermione Granger');
insert into character(character_id, character_name) values('3', 'Ronald Weasley');
insert into character(character_id, character_name) values('4', 'Tintim');
insert into character(character_id, character_name) values('5', 'Thomson and Thompson');
insert into character(character_id, character_name) values('6', 'Captain Haddock');
insert into character(character_id, character_name) values('7', 'Snowy');
insert into character(character_id, character_name) values('8', 'Skeeter Phelan');
insert into character(character_id, character_name) values('9', 'Aibileen Clark');
insert into character(character_id, character_name) values('10', 'Hilly Holbrook');
insert into character(character_id, character_name) values('11', 'Minny Jackson');
insert into character(character_id, character_name) values('12', 'Owen Chase');
insert into character(character_id, character_name) values('13', 'George Pollard');
insert into character(character_id, character_name) values('14', 'Matthew Joy');

insert into bookcharacter(bc_id, bc_character_id, bc_book_id) values('1','1','2');
insert into bookcharacter(bc_id, bc_character_id, bc_book_id) values('2','2','2');
insert into bookcharacter(bc_id, bc_character_id, bc_book_id) values('3','3','2');
insert into bookcharacter(bc_id, bc_character_id, bc_book_id) values('4','4','1');
insert into bookcharacter(bc_id, bc_character_id, bc_book_id) values('5','5','1');
insert into bookcharacter(bc_id, bc_character_id, bc_book_id) values('6','6','1');
insert into bookcharacter(bc_id, bc_character_id, bc_book_id) values('7','7','1');
insert into bookcharacter(bc_id, bc_character_id, bc_book_id) values('8','8','3');
insert into bookcharacter(bc_id, bc_character_id, bc_book_id) values('9','9','3');
insert into bookcharacter(bc_id, bc_character_id, bc_book_id) values('10','10','3');
insert into bookcharacter(bc_id, bc_character_id, bc_book_id) values('11','11','3');
insert into bookcharacter(bc_id, bc_character_id, bc_book_id) values('12','12','4');
insert into bookcharacter(bc_id, bc_character_id, bc_book_id) values('13','13','4');
insert into bookcharacter(bc_id, bc_character_id, bc_book_id) values('14','14','4');
insert into bookcharacter(bc_id, bc_character_id, bc_book_id) values('15','1','5');
insert into bookcharacter(bc_id, bc_character_id, bc_book_id) values('16','2','5');
insert into bookcharacter(bc_id, bc_character_id, bc_book_id) values('17','3','5');

insert into moviecharacter(mc_id, mc_character_id, mc_movie_id) values('1','1','2');
insert into moviecharacter(mc_id, mc_character_id, mc_movie_id) values('2','2','2');
insert into moviecharacter(mc_id, mc_character_id, mc_movie_id) values('3','3','2');
insert into moviecharacter(mc_id, mc_character_id, mc_movie_id) values('4','4','1');
insert into moviecharacter(mc_id, mc_character_id, mc_movie_id) values('5','5','1');
insert into moviecharacter(mc_id, mc_character_id, mc_movie_id) values('6','6','1');
insert into moviecharacter(mc_id, mc_character_id, mc_movie_id) values('7','7','1');
insert into moviecharacter(mc_id, mc_character_id, mc_movie_id) values('8','8','3');
insert into moviecharacter(mc_id, mc_character_id, mc_movie_id) values('9','9','3');
insert into moviecharacter(mc_id, mc_character_id, mc_movie_id) values('10','10','3');
insert into moviecharacter(mc_id, mc_character_id, mc_movie_id) values('11','11','3');
insert into moviecharacter(mc_id, mc_character_id, mc_movie_id) values('12','12','4');
insert into moviecharacter(mc_id, mc_character_id, mc_movie_id) values('13','13','4');
insert into moviecharacter(mc_id, mc_character_id, mc_movie_id) values('14','14','4');
insert into moviecharacter(mc_id, mc_character_id, mc_movie_id) values('15','1','5');
insert into moviecharacter(mc_id, mc_character_id, mc_movie_id) values('16','2','5');
insert into moviecharacter(mc_id, mc_character_id, mc_movie_id) values('17','3','5');

insert into actor(actor_id, actor_name, actor_birthday, actor_bio) values('1', 'Daniel Radcliffe', to_date('1989-07-23', 'YYYY-MM-DD'), 'Daniel Jacob Radcliffe (born 23 July 1989) is an English actor who rose to prominence playing the titular character in the Harry Potter film series. His work on the series has earned him several awards and more than £60 million. Radcliffe made his acting debut at age ten in BBC Ones television movie David Copperfield (1999), followed by his film debut in 2001s The Tailor of Panama. Cast as Harry at the age of eleven, Radcliffe has starred in seven Harry Potter films since 2001, with the final installment releasing in July 2011. In 2007 Radcliffe began to branch out from the series, starring in the London and New York productions of the play Equus, and the 2011 Broadway revival of the musical How to Succeed in Business Without Really Trying. The Woman in Black (2012) will be his first film project following the final Harry Potter movie. Radcliffe has contributed to many charities, including Demelza House Childrens Hospice and The Trevor Project. He has also made public service announcements for the latter. In 2011 the actor was awarded the Trevor Projects "Hero Award".');
insert into actor(actor_id, actor_name, actor_birthday, actor_bio) values('2', 'Rupert Grint', to_date('1988-08-24', 'YYYY-MM-DD'), 'Rupert Grint is an English actor, who rose to prominence playing Ron Weasley, one of the three main characters in the Harry Potter film series. Grint was cast as Ron at the age of 11, having previously acted only in school plays and at his local theatre group. From 2001 to 2010, he starred in eight Harry Potter movies alongside Daniel Radcliffe and Emma Watson. Beginning in 2002, Grint began to work outside of the Harry Potter franchise, taking on a co-leading role in Thunderpants. He has had starring roles in Driving Lessons, a dramedy released in 2006, and Cherrybomb, a small budgeted drama released in 2010. Grint co-starred with Bill Nighy and Emily Blunt in Wild Target, a comedy. His first project following the end of the Harry Potter series will be Comrade, a 2012 anti-war release in which he stars as the main role.');
insert into actor(actor_id, actor_name, actor_birthday, actor_bio) values('3', 'Emma Watson', to_date('1990-04-15', 'YYYY-MM-DD'), 'Emma Watson (born 15 April 1990) is an English actress who rose to prominence playing Hermione Granger, one of three starring roles in the Harry Potter film series. Watson was cast as Hermione at the age of nine, having previously acted only in school plays. From 2001 to 2011, she starred in eight Harry Potter films alongside Daniel Radcliffe and Rupert Grint. Watsons work on the Harry Potter series has earned her several awards and more than £10 million. She made her modelling debut for Burberrys Autumn/Winter campaign in 2009. In 2007, Watson announced her involvement in two non-Harry Potter productions: the television adaptation of the novel Ballet Shoes and an animated film, The Tale of Despereaux. Ballet Shoes was broadcast on 26 December 2007 to an audience of 5.2 million, and The Tale of Despereaux, based on the novel by Kate DiCamillo, was released in 2008 and grossed over US $70 million in worldwide sales. In 2012, she starred in Stephen Chbosks film adaptation of The Perks of Being a Wallflower, and was cast in the role of Ila in Darren Aronofskys biblical epic Noah.');
insert into actor(actor_id, actor_name, actor_birthday, actor_bio) values('4', 'Emma Stone', to_date('1988-11-06', 'YYYY-MM-DD'), 'Emily Jean "Emma" Stone is an American actress. The recipient of numerous accolades, including an Academy Award and a Golden Globe Award, she was the worlds highest-paid actress in 2017. Born and raised in Scottsdale, Arizona, Stone began acting as a child, in a theater production of The Wind in the Willows in 2000. As a teenager, she relocated to Los Angeles with her mother and made her television debut in In Search of the New Partridge Family (2004), a reality show that produced only an unsold pilot. After small television roles, she made her film debut in Superbad (2007), and received positive media attention for her role in Zombieland (2009). The 2010 teen comedy Easy A was Stones first starring role, earning her nominations for the BAFTA Rising Star Award and a Golden Globe Award for Best Actress. Stone gained wider recognition as Gwen Stacy in the 2012 superhero film The Amazing Spider-Man, and its 2014 sequel. She was nominated for the Academy Award for Best Supporting Actress for playing a recovering drug addict in the black comedy Birdman (2014), and her Broadway debut came in a revival of the musical Cabaret (2014 to 2015). She won the Academy Award for Best Actress for playing an aspiring actress in the romantic musical La La Land (2016). Stone received a third Academy Award nomination for her portrayal of Abigail Masham in the historical comedy-drama The Favourite (2018).');
insert into actor(actor_id, actor_name, actor_birthday, actor_bio) values('5', 'Viola Davis', to_date('1965-08-11', 'YYYY-MM-DD'), 'Viola Davis (born August 11, 1965) is an American actress. Known primarily as a stage actress, Davis won a Tony Award for Best Performance by a Featured Actress in a Play and a Drama Desk Award for her role in King Hedley II (2001). She won a Tony Award for Best Performance by a Leading Actress in a Play for her role in Fences. She won a second Drama Desk Award for Intimate Apparel (2004). Her films include Traffic (2000), Antwone Fisher (2002), and Solaris (2002). Her performance in Doubt (2008) was nominated for several awards, including an Academy Award for Best Supporting Actress and a Golden Globe Award for Best Supporting Actress in a Motion Picture.');
insert into actor(actor_id, actor_name, actor_birthday, actor_bio) values('6', 'Octavia Spencer', to_date('1972-05-25', 'YYYY-MM-DD'), 'Octavia Lenora Spencer is an American actress, author, and producer. She is the recipient of several accolades, including an Academy Award, a British Academy Film Award, a Golden Globe Award, and three Screen Actors Guild Awards. She is one of two black actresses to have received three Academy Award nominations, the first black actress to receive two consecutive Academy Award nominations in back-to-back years, and the first black actress to receive an Academy Award nomination after previously winning.');
insert into actor(actor_id, actor_name, actor_birthday, actor_bio) values('7', 'Bryce Dallas Howard', to_date('1981-03-02', 'YYYY-MM-DD'), 'Bryce Dallas Howard (born March 2, 1981) is an American actress and director. She is the eldest daughter of actor and filmmaker Ron Howard and landed her first major film role in the 2004 M. Night Shyamalan feature The Village (2004). She received a Golden Globe Award nomination for her performance in the TV movie As You Like It. She also stars as Claire Dearing in the 2015 blockbuster Jurassic World.');
insert into actor(actor_id, actor_name, actor_birthday, actor_bio) values('8', 'Chris Hemsworth', to_date('1983-08-11', 'YYYY-MM-DD'), 'Chris Hemsworth (born 11 August 1983) is an Australian actor. He is best known for his roles as Kim Hyde in the Australian TV series Home and Away (2004) and as Thor in the Marvel Cinematic Universe films Thor (2011), The Avengers (2012), Thor: The Dark World (2013), Avengers: Age of Ultron (2015), Thor: Ragnarok (2017), Avengers: Infinity War (2018), Avengers: Endgame (2019), and the upcoming Thor: Love and Thunder (2022). He has also appeared in the science fiction action film Star Trek(2009), the thriller adventure A Perfect Getaway (2009), the horror comedy The Cabin in the Woods (2012), the dark fantasy action film Snow White and the Huntsman (2012), the war film Red Dawn (2012) and the biographical sports drama film Rush (2013).');
insert into actor(actor_id, actor_name, actor_birthday, actor_bio) values('9', 'Benjamin Walker', to_date('1982-06-21', 'YYYY-MM-DD'), 'Benjamin Walker (born 1982) is an American actor, best known for his film appearances in Kinsey (as Alfred Kinsey at age 19), Harlon Block in Clint Eastwoods Flags of Our Fathers, and his critically acclaimed portrayal of Andrew Jackson in the Off- and On Broadway incarnations of Bloody Bloody Andrew Jackson.');
insert into actor(actor_id, actor_name, actor_birthday, actor_bio) values('10', 'Cilian Murphy', to_date('1976-05-25', 'YYYY-MM-DD'), 'Cillian Murphy is an Irish film and theatre actor. He is often noted by critics for his chameleonic performances in diverse roles and distinctive blue eyes. A native of Cork, Murphy began his performing career as a rock musician. After turning down a record deal, he made his professional acting debut in the play Disco Pigs in 1996. He went on to star in Irish and UK film and stage productions throughout the late 1990s and early 2000s, first coming to international attention in 2003 as the hero in the post-apocalyptic film 28 Days Later. Murphy is best known for his work with director Christopher Nolan, where he appeared as the villain Jonathan Crane/Scarecrow in all three films in the Dark Knight trilogy. Murphy has also worked with Nolan on Inception and Dunkirk. In 2013, Murphy started working on a TV show for BBC titled “Peaky Blinders” as the shows lead role, Thomas Shelby. The show is still airing as of 2020 with five highly critically acclaimed seasons under its belt. A resident of London since 2001, Murphy often works in or near the city and has expressed no desire to move to Hollywood. Uncomfortable on the celebrity circuit, he customarily gives interviews about his work, but does not appear on television talk shows or discuss details of his private life with the press.');